{
    "coefficients": [
        [
            0.3354249507165851,
            0.04161854471072213,
            1.5563983881718753,
            -0.11106063676737508,
            1.1778355538746639,
            0.1776019470104733,
            -1.3153505793386635,
            -1.3153505793403382,
            -0.06562633123660042,
            0.03525310744315413,
            -0.03938774089643708,
            0.10131603143383375,
            -0.020242163465442088,
            0.3431957016573191,
            -4.010107899676123,
            -0.29814700330070615,
            0.21540785285675965,
            0.37661553599807673,
            -0.5191786125521364,
            -0.5666953191352344,
            0.01793489530386546,
            -0.07439179551811814,
            -0.189683440117455,
            0.2668519586671392,
            0.08622687466221976,
            0.4249005133117756,
            0.20562978349885033,
            -0.05946078408344761,
            0.9734737946364408,
            0.42668361622624185,
            0.15620329529229923,
            0.31368569273802543,
            -0.03013915381985922,
            -0.13262177584349533,
            -37.44984877351813,
            30.731330994521663,
            21.297243311986215,
            0.47085432967822805,
            0.06452769940592709,
            0.13554218906169058,
            -0.47044103361188144,
            -0.5380476508030935,
            -0.693393689185275,
            -0.6347805198423649,
            -0.025814064553924265,
            -0.8534062821887497,
            0.4249781271822623,
            -0.9347832092293508,
            -0.9992655937621919
        ]
    ],
    "intercept": [
        -2.4731798720307427
    ],
    "classes": [
        false,
        true
    ]
}
